﻿Member_id;Template_id;Site_status;Question_id;Answer_id;Answer_date;Comment
CRYVLR4V98V4;1-4IX7I5H;SUCCEEDED;1-4IX8HHY;1-4IX8HIN;31.08.2017 12:13:00;
CRYVLR4V98V4;1-4IX7I5H;SUCCEEDED;1-4IX8HIQ;1-4IX8HOS;31.08.2017 12:13:00;CSI
CRYVLR4V98V4;1-4IX7I5H;SUCCEEDED;1-4IX8HOV;1-4IX8HOW;31.08.2017 12:14:00;Все не понравилось
CRYVLR4V98V4;1-4IX7I5H;SUCCEEDED;1-4IXLH5I;1-4IXLH5J;31.08.2017 12:16:00;Проверка
CRYVLR4V98V4;1-4IX7I5H;SUCCEEDED;1-4IXLH5L;1-4IXMT10;31.08.2017 12:17:00;NPS
CRYVLR4V98V4;1-4IX7I5H;SUCCEEDED;1-4IXMT13;1-4IXMT18;31.08.2017 12:25:00;CSI
CRYVLR4V98VH;1-4IX7I5H;SUCCEEDED;1-4IX8HHY;1-4IX8HIP;31.08.2017 15:24:00;
CRYVLR4V98VH;1-4IX7I5H;SUCCEEDED;1-4IX8HIQ;1-4IX8HIS;31.08.2017 15:26:00;CSI
CRYVLR4V98VH;1-4IX7I5H;SUCCEEDED;1-4IX8HOV;1-4IX8HOW;31.08.2017 15:44:00;После Вашего кредита, замучали коллекторы
CRYVLR4V98VF;1-4IX7I5H;ENTERED;;;31.08.2017 09:06:00;
